John,Smith,2004-08-17
John,Johnson,1970-09-22
John,Williams,1997-06-17
John,Brown,1988-09-26
John,Jones,2005-02-28
John,Garcia,1989-12-17
John,Miller,1980-11-20
John,Davis,1976-12-14
John,Rodriguez,1989-01-14
John,Martinez,1984-07-07
John,Hernandez,1982-04-09
John,Lopez,2000-10-06
John,Gonzalez,1989-02-11
John,Wilson,1997-03-25
John,Anderson,1981-01-17
John,Thomas,2004-11-09
John,Taylor,1974-10-19
John,Moore,1998-08-29
John,Jackson,1973-10-14
John,Martin,1989-01-24
John,Lee,1981-01-29
John,Perez,1990-08-27
John,Thompson,1992-12-29
John,White,1998-03-02
John,Harris,1986-05-13
John,Sanchez,1991-11-18
John,Clark,1999-12-14
John,Ramirez,1981-02-10
John,Lewis,1980-01-21
John,Robinson,1982-06-19
John,Walker,1979-10-24
John,Young,1975-10-10
John,Allen,1982-07-03
John,King,1985-11-03
John,Salgado,2002-07-23
John,Gomez,1982-11-02
John,Flores,2005-11-11
John,Vargas,1974-10-26
John,Munoz,2002-12-09
John,Molina,1998-11-05
Jane,Smith,1971-02-07
Jane,Johnson,1999-05-07
Jane,Williams,1972-02-01
Jane,Brown,1994-10-05
Jane,Jones,1992-10-06
Jane,Garcia,1998-09-10
Jane,Miller,2001-06-06
Jane,Davis,1986-02-07
Jane,Rodriguez,1989-06-17
Jane,Martinez,1986-06-21
Jane,Hernandez,2000-10-26
Jane,Lopez,1978-10-10
Jane,Gonzalez,1973-12-28
Jane,Wilson,1991-08-14
Jane,Anderson,1976-11-23
Jane,Thomas,2003-05-07
Jane,Taylor,1971-09-18
Jane,Moore,1997-08-28
Jane,Jackson,1972-04-08
Jane,Martin,1993-04-26
Jane,Lee,2005-09-13
Jane,Perez,1977-03-05
Jane,Thompson,2003-07-28
Jane,White,1971-09-24
Jane,Harris,1992-08-13
Jane,Sanchez,1997-10-23
Jane,Clark,1973-01-22
Jane,Ramirez,1993-08-22
Jane,Lewis,1986-11-11
Jane,Robinson,1981-07-15
Jane,Walker,1999-02-28
Jane,Young,1999-12-16
Jane,Allen,1992-04-01
Jane,King,1983-08-13
Jane,Salgado,2002-09-30
Jane,Gomez,1978-11-18
Jane,Flores,1985-04-15
Jane,Vargas,2004-09-19
Jane,Munoz,1991-04-23
Jane,Molina,1991-08-01
Michael,Smith,2001-09-30
Michael,Johnson,1974-04-19
Michael,Williams,1971-11-06
Michael,Brown,1974-11-13
Michael,Jones,1990-06-25
Michael,Garcia,1977-12-12
Michael,Miller,1971-01-01
Michael,Davis,2002-01-07
Michael,Rodriguez,1999-01-26
Michael,Martinez,2003-10-26
Michael,Hernandez,1996-06-26
Michael,Lopez,1995-03-06
Michael,Gonzalez,1978-06-21
Michael,Wilson,1980-11-04
Michael,Anderson,2002-03-18
Michael,Thomas,1981-11-21
Michael,Taylor,2000-04-25
Michael,Moore,2003-07-14
Michael,Jackson,1972-07-01
Michael,Martin,1984-11-15
Michael,Lee,1991-08-25
Michael,Perez,2004-07-08
Michael,Thompson,1978-12-06
Michael,White,1973-07-24
Michael,Harris,1974-07-01
Michael,Sanchez,2001-04-10
Michael,Clark,1978-07-02
Michael,Ramirez,2001-10-01
Michael,Lewis,1977-06-02
Michael,Robinson,1991-07-23
Michael,Walker,1973-07-13
Michael,Young,2000-02-24
Michael,Allen,2001-05-22
Michael,King,2002-04-06
Michael,Salgado,1977-01-09
Michael,Gomez,1970-11-18
Michael,Flores,1973-12-28
Michael,Vargas,1999-06-07
Michael,Munoz,1991-06-14
Michael,Molina,1983-04-28
Emily,Smith,2003-03-28
Emily,Johnson,1980-04-30
Emily,Williams,1978-10-24
Emily,Brown,1990-10-08
Emily,Jones,1994-07-16
Emily,Garcia,1999-10-29
Emily,Miller,1981-02-14
Emily,Davis,1985-05-06
Emily,Rodriguez,1975-06-27
Emily,Martinez,2003-05-09
Emily,Hernandez,1989-09-21
Emily,Lopez,1971-07-15
Emily,Gonzalez,1997-12-12
Emily,Wilson,1971-04-28
Emily,Anderson,2003-06-27
Emily,Thomas,1986-05-06
Emily,Taylor,1977-07-09
Emily,Moore,1978-08-06
Emily,Jackson,1993-05-10
Emily,Martin,2001-04-22
Emily,Lee,1992-05-27
Emily,Perez,1982-12-07
Emily,Thompson,2000-05-14
Emily,White,1970-09-17
Emily,Harris,1992-04-07
Emily,Sanchez,1989-10-04
Emily,Clark,1988-10-18
Emily,Ramirez,1982-01-18
Emily,Lewis,1992-02-06
Emily,Robinson,1973-12-26
Emily,Walker,1988-12-14
Emily,Young,1978-04-16
Emily,Allen,1996-07-08
Emily,King,1971-11-28
Emily,Salgado,1976-02-06
Emily,Gomez,1986-08-08
Emily,Flores,1994-07-02
Emily,Vargas,1992-05-08
Emily,Munoz,1975-12-16
Emily,Molina,2001-05-08
David,Smith,1989-05-18
David,Johnson,1984-12-12
David,Williams,1999-12-29
David,Brown,1973-05-13
David,Jones,1991-08-12
David,Garcia,1984-04-18
David,Miller,2000-12-17
David,Davis,1996-03-23
David,Rodriguez,1985-03-15
David,Martinez,1971-09-26
David,Hernandez,1974-10-27
David,Lopez,1986-02-04
David,Gonzalez,1984-03-23
David,Wilson,1988-08-11
David,Anderson,1972-04-26
David,Thomas,1988-01-31
David,Taylor,1993-07-30
David,Moore,2001-07-24
David,Jackson,1970-09-26
David,Martin,1981-06-11
David,Lee,1993-02-11
David,Perez,1991-10-27
David,Thompson,1970-12-09
David,White,1984-12-21
David,Harris,1974-03-07
David,Sanchez,1987-08-18
David,Clark,2004-06-02
David,Ramirez,1998-01-17
David,Lewis,1974-08-15
David,Robinson,1995-07-20
David,Walker,1992-07-27
David,Young,1986-07-19
David,Allen,1974-11-17
David,King,1981-11-13
David,Salgado,1997-03-03
David,Gomez,1979-06-05
David,Flores,1973-05-16
David,Vargas,1975-11-16
David,Munoz,1984-10-21
David,Molina,1970-05-03
Olivia,Smith,1981-05-07
Olivia,Johnson,1992-03-11
Olivia,Williams,2003-05-28
Olivia,Brown,1994-04-29
Olivia,Jones,1980-07-24
Olivia,Garcia,1983-12-26
Olivia,Miller,2001-06-26
Olivia,Davis,1989-10-31
Olivia,Rodriguez,1976-04-22
Olivia,Martinez,1994-02-15
Olivia,Hernandez,1999-05-30
Olivia,Lopez,1970-07-08
Olivia,Gonzalez,1994-02-02
Olivia,Wilson,1972-09-15
Olivia,Anderson,1978-01-27
Olivia,Thomas,1976-01-27
Olivia,Taylor,1982-06-24
Olivia,Moore,1975-10-21
Olivia,Jackson,1990-05-05
Olivia,Martin,2001-02-11
Olivia,Lee,1983-09-26
Olivia,Perez,1994-10-29
Olivia,Thompson,2000-10-24
Olivia,White,1988-01-04
Olivia,Harris,1988-10-01
Olivia,Sanchez,2001-03-03
Olivia,Clark,1993-10-17
Olivia,Ramirez,1988-06-20
Olivia,Lewis,1984-06-16
Olivia,Robinson,2004-09-12
Olivia,Walker,1990-01-17
Olivia,Young,1998-08-08
Olivia,Allen,1999-01-12
Olivia,King,1974-12-29
Olivia,Salgado,1994-08-31
Olivia,Gomez,1999-10-16
Olivia,Flores,1986-02-10
Olivia,Vargas,2000-11-16
Olivia,Munoz,1974-05-21
Olivia,Molina,1991-07-12
James,Smith,2000-12-27
James,Johnson,1978-07-13
James,Williams,1978-11-16
James,Brown,1987-03-21
James,Jones,1993-11-23
James,Garcia,2005-04-23
James,Miller,1988-06-19
James,Davis,1985-11-17
James,Rodriguez,1999-09-26
James,Martinez,1985-01-27
James,Hernandez,1996-07-29
James,Lopez,1979-08-21
James,Gonzalez,1982-07-08
James,Wilson,1979-06-16
James,Anderson,1982-03-09
James,Thomas,1995-08-30
James,Taylor,2003-06-25
James,Moore,1980-09-18
James,Jackson,1988-03-31
James,Martin,1985-11-26
James,Lee,1977-08-25
James,Perez,1977-05-16
James,Thompson,2000-03-10
James,White,1975-08-22
James,Harris,2001-06-13
James,Sanchez,1981-05-14
James,Clark,1986-08-09
James,Ramirez,1973-04-27
James,Lewis,1970-05-11
James,Robinson,1981-09-18
James,Walker,1977-10-18
James,Young,1997-01-22
James,Allen,1991-11-12
James,King,1991-03-30
James,Salgado,1971-06-15
James,Gomez,1999-04-06
James,Flores,1992-09-17
James,Vargas,1994-03-13
James,Munoz,1994-10-19
James,Molina,1977-07-06
Sophia,Smith,1996-11-09
Sophia,Johnson,1999-06-24
Sophia,Williams,1991-12-02
Sophia,Brown,2003-05-21
Sophia,Jones,1980-11-11
Sophia,Garcia,1992-12-30
Sophia,Miller,2000-05-29
Sophia,Davis,1985-04-07
Sophia,Rodriguez,1986-01-17
Sophia,Martinez,2002-11-23
Sophia,Hernandez,1981-03-12
Sophia,Lopez,1979-10-10
Sophia,Gonzalez,1979-12-18
Sophia,Wilson,1993-03-05
Sophia,Anderson,1995-04-15
Sophia,Thomas,1979-08-10
Sophia,Taylor,1974-01-05
Sophia,Moore,1981-08-24
Sophia,Jackson,1986-04-22
Sophia,Martin,1976-02-09
Sophia,Lee,1990-09-21
Sophia,Perez,2002-04-23
Sophia,Thompson,1998-07-11
Sophia,White,1977-05-02
Sophia,Harris,1977-01-04
Sophia,Sanchez,1984-12-25
Sophia,Clark,2002-03-01
Sophia,Ramirez,1996-01-18
Sophia,Lewis,2003-03-31
Sophia,Robinson,1997-07-31
Sophia,Walker,1993-02-16
Sophia,Young,1981-08-20
Sophia,Allen,1982-03-29
Sophia,King,1985-12-23
Sophia,Salgado,2005-03-18
Sophia,Gomez,1986-12-29
Sophia,Flores,1982-06-23
Sophia,Vargas,2002-05-03
Sophia,Munoz,1993-08-09
Sophia,Molina,2002-08-20
Robert,Smith,2005-07-18
Robert,Johnson,1984-09-18
Robert,Williams,1997-12-22
Robert,Brown,1990-03-02
Robert,Jones,1999-02-11
Robert,Garcia,2005-02-07
Robert,Miller,1989-01-18
Robert,Davis,1970-12-04
Robert,Rodriguez,1993-04-19
Robert,Martinez,1994-03-03
Robert,Hernandez,1992-05-19
Robert,Lopez,1994-01-14
Robert,Gonzalez,1983-05-04
Robert,Wilson,1988-03-06
Robert,Anderson,1990-09-12
Robert,Thomas,1986-11-20
Robert,Taylor,1981-07-14
Robert,Moore,1976-09-26
Robert,Jackson,1977-03-01
Robert,Martin,1984-09-25
Robert,Lee,1972-07-17
Robert,Perez,1998-12-27
Robert,Thompson,1999-03-25
Robert,White,1995-06-27
Robert,Harris,1973-10-09
Robert,Sanchez,1998-03-30
Robert,Clark,1999-05-11
Robert,Ramirez,1985-01-27
Robert,Lewis,1985-01-29
Robert,Robinson,1999-12-15
Robert,Walker,1997-03-01
Robert,Young,1972-11-04
Robert,Allen,1997-03-23
Robert,King,1998-04-29
Robert,Salgado,1974-06-11
Robert,Gomez,1986-11-16
Robert,Flores,1991-01-18
Robert,Vargas,1990-06-26
Robert,Munoz,1998-04-13
Robert,Molina,1984-09-08
Isabella,Smith,1983-07-30
Isabella,Johnson,1998-09-25
Isabella,Williams,1988-11-18
Isabella,Brown,1982-11-13
Isabella,Jones,2004-03-17
Isabella,Garcia,1977-08-08
Isabella,Miller,1973-09-23
Isabella,Davis,1987-08-27
Isabella,Rodriguez,1986-07-23
Isabella,Martinez,1995-12-08
Isabella,Hernandez,2003-12-06
Isabella,Lopez,1977-03-11
Isabella,Gonzalez,1998-10-14
Isabella,Wilson,2002-11-26
Isabella,Anderson,2005-01-08
Isabella,Thomas,2003-03-28
Isabella,Taylor,2000-05-10
Isabella,Moore,1988-05-27
Isabella,Jackson,1978-02-24
Isabella,Martin,2000-01-05
Isabella,Lee,1980-09-18
Isabella,Perez,2000-12-02
Isabella,Thompson,1975-08-12
Isabella,White,1981-09-21
Isabella,Harris,1981-05-12
Isabella,Sanchez,1984-10-25
Isabella,Clark,2004-03-31
Isabella,Ramirez,1986-11-17
Isabella,Lewis,1992-05-27
Isabella,Robinson,1990-12-24
Isabella,Walker,1971-12-14
Isabella,Young,2000-09-10
Isabella,Allen,1999-10-19
Isabella,King,1988-04-27
Isabella,Salgado,2001-04-09
Isabella,Gomez,2005-05-16
Isabella,Flores,2001-04-01
Isabella,Vargas,1982-07-06
Isabella,Munoz,1979-12-05
Isabella,Molina,1981-11-16
William,Smith,1976-11-04
William,Johnson,1982-11-14
William,Williams,1988-11-02
William,Brown,1974-07-12
William,Jones,1987-05-08
William,Garcia,1984-11-18
William,Miller,1997-07-24
William,Davis,1996-06-03
William,Rodriguez,2002-12-15
William,Martinez,1974-04-08
William,Hernandez,1986-03-28
William,Lopez,1991-08-02
William,Gonzalez,1987-03-04
William,Wilson,1994-12-19
William,Anderson,1989-06-13
William,Thomas,1971-01-16
William,Taylor,1982-11-17
William,Moore,1978-09-20
William,Jackson,1985-04-17
William,Martin,1989-02-02
William,Lee,1997-06-23
William,Perez,1977-01-02
William,Thompson,2002-06-08
William,White,1978-03-30
William,Harris,1992-02-16
William,Sanchez,1992-09-26
William,Clark,1991-10-12
William,Ramirez,1976-03-14
William,Lewis,1971-10-25
William,Robinson,1995-06-03
William,Walker,1970-05-01
William,Young,1971-08-22
William,Allen,1988-07-18
William,King,2004-11-08
William,Salgado,1988-02-07
William,Gomez,2000-06-09
William,Flores,1996-05-12
William,Vargas,1991-04-15
William,Munoz,1999-08-22
William,Molina,1971-03-09
Mia,Smith,1984-05-27
Mia,Johnson,1976-10-13
Mia,Williams,2002-11-03
Mia,Brown,1993-10-07
Mia,Jones,1979-02-11
Mia,Garcia,1985-12-07
Mia,Miller,2005-05-02
Mia,Davis,1992-06-25
Mia,Rodriguez,1971-12-01
Mia,Martinez,1988-09-29
Mia,Hernandez,1978-11-15
Mia,Lopez,1971-05-04
Mia,Gonzalez,1997-04-17
Mia,Wilson,1995-02-19
Mia,Anderson,1981-07-31
Mia,Thomas,1971-12-06
Mia,Taylor,1995-09-10
Mia,Moore,1985-09-15
Mia,Jackson,1990-06-20
Mia,Martin,1976-08-25
Mia,Lee,1980-09-08
Mia,Perez,1999-03-18
Mia,Thompson,2001-07-31
Mia,White,1973-04-25
Mia,Harris,1990-10-20
Mia,Sanchez,1984-12-03
Mia,Clark,1976-03-09
Mia,Ramirez,1975-03-22
Mia,Lewis,1985-02-08
Mia,Robinson,1992-09-16
Mia,Walker,1976-06-15
Mia,Young,1980-06-27
Mia,Allen,1998-10-21
Mia,King,1980-03-14
Mia,Salgado,1990-10-20
Mia,Gomez,1999-09-15
Mia,Flores,1980-08-14
Mia,Vargas,1981-07-15
Mia,Munoz,2000-08-19
Mia,Molina,2002-07-01
Joseph,Smith,2000-02-19
Joseph,Johnson,1988-02-05
Joseph,Williams,2004-11-26
Joseph,Brown,1993-10-14
Joseph,Jones,1998-07-01
Joseph,Garcia,1970-03-01
Joseph,Miller,2002-02-22
Joseph,Davis,1984-08-01
Joseph,Rodriguez,1975-05-19
Joseph,Martinez,1993-01-16
Joseph,Hernandez,1993-01-24
Joseph,Lopez,1986-07-14
Joseph,Gonzalez,1997-01-07
Joseph,Wilson,1981-11-08
Joseph,Anderson,1974-12-24
Joseph,Thomas,2002-06-26
Joseph,Taylor,2002-04-21
Joseph,Moore,1994-04-26
Joseph,Jackson,2005-05-15
Joseph,Martin,1979-08-01
Joseph,Lee,1972-07-02
Joseph,Perez,1989-07-28
Joseph,Thompson,1985-10-17
Joseph,White,1986-06-29
Joseph,Harris,1999-08-26
Joseph,Sanchez,1980-10-05
Joseph,Clark,1980-12-03
Joseph,Ramirez,2005-04-18
Joseph,Lewis,1982-04-11
Joseph,Robinson,1980-03-04
Joseph,Walker,1993-01-25
Joseph,Young,1979-02-07
Joseph,Allen,1987-07-03
Joseph,King,1993-02-13
Joseph,Salgado,1999-04-07
Joseph,Gomez,1994-12-05
Joseph,Flores,1988-04-05
Joseph,Vargas,1970-10-23
Joseph,Munoz,1981-07-27
Joseph,Molina,1999-08-30
Charlotte,Smith,1989-08-01
Charlotte,Johnson,1970-05-02
Charlotte,Williams,1984-05-06
Charlotte,Brown,1984-09-04
Charlotte,Jones,1991-08-21
Charlotte,Garcia,1998-05-02
Charlotte,Miller,1993-04-01
Charlotte,Davis,1997-11-21
Charlotte,Rodriguez,1992-03-24
Charlotte,Martinez,1971-10-06
Charlotte,Hernandez,1990-06-25
Charlotte,Lopez,1980-03-14
Charlotte,Gonzalez,1997-06-06
Charlotte,Wilson,1971-10-12
Charlotte,Anderson,1999-08-02
Charlotte,Thomas,1997-02-12
Charlotte,Taylor,1984-09-14
Charlotte,Moore,1998-07-04
Charlotte,Jackson,1976-11-28
Charlotte,Martin,1999-12-12
Charlotte,Lee,1989-01-07
Charlotte,Perez,1979-06-17
Charlotte,Thompson,1995-11-05
Charlotte,White,1986-12-03
Charlotte,Harris,2003-09-26
Charlotte,Sanchez,1971-10-03
Charlotte,Clark,1983-03-02
Charlotte,Ramirez,1975-09-16
Charlotte,Lewis,1998-04-10
Charlotte,Robinson,1975-06-20
Charlotte,Walker,1982-10-20
Charlotte,Young,1979-06-16
Charlotte,Allen,1985-02-12
Charlotte,King,1983-06-11
Charlotte,Salgado,1997-11-19
Charlotte,Gomez,2000-02-08
Charlotte,Flores,1975-07-19
Charlotte,Vargas,1997-08-05
Charlotte,Munoz,1983-01-11
Charlotte,Molina,1970-11-28
Thomas,Smith,1988-07-13
Thomas,Johnson,1971-06-29
Thomas,Williams,1994-08-24
Thomas,Brown,1985-05-30
Thomas,Jones,1976-12-30
Thomas,Garcia,1989-06-18
Thomas,Miller,1979-03-29
Thomas,Davis,1991-01-16
Thomas,Rodriguez,1991-01-08
Thomas,Martinez,1970-09-16
Thomas,Hernandez,1973-06-06
Thomas,Lopez,1982-11-03
Thomas,Gonzalez,1977-03-19
Thomas,Wilson,2000-09-06
Thomas,Anderson,1992-04-23
Thomas,Thomas,1983-03-10
Thomas,Taylor,2002-02-09
Thomas,Moore,1977-01-03
Thomas,Jackson,1995-11-12
Thomas,Martin,1986-02-12
Thomas,Lee,1977-08-10
Thomas,Perez,1995-05-17
Thomas,Thompson,1998-02-18
Thomas,White,1972-04-10
Thomas,Harris,2002-05-15
Thomas,Sanchez,1998-01-19
Thomas,Clark,2002-12-03
Thomas,Ramirez,1994-07-03
Thomas,Lewis,1980-05-30
Thomas,Robinson,1978-09-16
Thomas,Walker,1974-06-09
Thomas,Young,1986-01-31
Thomas,Allen,1973-10-17
Thomas,King,1991-08-31
Thomas,Salgado,1984-01-08
Thomas,Gomez,1976-04-23
Thomas,Flores,2000-10-09
Thomas,Vargas,1984-05-26
Thomas,Munoz,2001-06-17
Thomas,Molina,1983-09-16
Amelia,Smith,1988-09-22
Amelia,Johnson,2001-05-16
Amelia,Williams,1986-10-19
Amelia,Brown,2005-04-06
Amelia,Jones,1999-03-05
Amelia,Garcia,1977-02-06
Amelia,Miller,1971-07-10
Amelia,Davis,1970-11-30
Amelia,Rodriguez,1972-02-05
Amelia,Martinez,2002-08-27
Amelia,Hernandez,2005-12-10
Amelia,Lopez,1993-01-24
Amelia,Gonzalez,1986-12-23
Amelia,Wilson,1973-11-09
Amelia,Anderson,1990-08-05
Amelia,Thomas,1977-03-27
Amelia,Taylor,1991-11-27
Amelia,Moore,1985-06-15
Amelia,Jackson,1998-02-05
Amelia,Martin,1986-03-30
Amelia,Lee,2005-04-24
Amelia,Perez,1986-06-05
Amelia,Thompson,1978-02-20
Amelia,White,1993-07-14
Amelia,Harris,1975-12-18
Amelia,Sanchez,1981-05-08
Amelia,Clark,1982-12-21
Amelia,Ramirez,1984-03-20
Amelia,Lewis,1974-03-23
Amelia,Robinson,2005-10-11
Amelia,Walker,2005-06-19
Amelia,Young,1976-03-03
Amelia,Allen,1983-11-26
Amelia,King,1970-11-07
Amelia,Salgado,1994-11-18
Amelia,Gomez,1982-04-24
Amelia,Flores,1980-08-02
Amelia,Vargas,1984-02-01
Amelia,Munoz,1975-05-26
Amelia,Molina,1983-04-07
Charles,Smith,1975-12-24
Charles,Johnson,1984-04-30
Charles,Williams,2005-02-24
Charles,Brown,2002-03-03
Charles,Jones,1989-09-28
Charles,Garcia,1998-07-10
Charles,Miller,1983-04-12
Charles,Davis,1998-07-18
Charles,Rodriguez,1971-12-05
Charles,Martinez,1988-09-05
Charles,Hernandez,1975-06-26
Charles,Lopez,1971-01-03
Charles,Gonzalez,1984-04-14
Charles,Wilson,1981-01-19
Charles,Anderson,2002-11-25
Charles,Thomas,1984-09-18
Charles,Taylor,1972-05-23
Charles,Moore,1981-11-19
Charles,Jackson,1970-11-29
Charles,Martin,2003-02-19
Charles,Lee,2002-07-04
Charles,Perez,1980-01-19
Charles,Thompson,1975-10-29
Charles,White,1991-08-12
Charles,Harris,1995-04-21
Charles,Sanchez,1973-09-02
Charles,Clark,1990-03-28
Charles,Ramirez,1998-02-14
Charles,Lewis,1978-07-20
Charles,Robinson,1976-03-09
Charles,Walker,1975-10-02
Charles,Young,2004-11-05
Charles,Allen,1980-10-21
Charles,King,1976-05-02
Charles,Salgado,1994-09-20
Charles,Gomez,2002-12-16
Charles,Flores,1988-09-22
Charles,Vargas,1978-04-30
Charles,Munoz,1988-10-01
Charles,Molina,1994-01-14
Evelyn,Smith,1982-05-24
Evelyn,Johnson,1985-02-18
Evelyn,Williams,2002-03-11
Evelyn,Brown,1994-07-06
Evelyn,Jones,1986-11-21
Evelyn,Garcia,1992-10-04
Evelyn,Miller,1999-12-03
Evelyn,Davis,1996-05-14
Evelyn,Rodriguez,1981-01-28
Evelyn,Martinez,1997-11-07
Evelyn,Hernandez,1971-09-25
Evelyn,Lopez,1985-04-19
Evelyn,Gonzalez,2005-03-07
Evelyn,Wilson,1988-11-11
Evelyn,Anderson,1972-07-10
Evelyn,Thomas,2004-04-27
Evelyn,Taylor,2004-11-08
Evelyn,Moore,1997-04-07
Evelyn,Jackson,1970-07-16
Evelyn,Martin,1990-01-08
Evelyn,Lee,1977-08-25
Evelyn,Perez,1972-10-30
Evelyn,Thompson,1973-08-13
Evelyn,White,2000-10-08
Evelyn,Harris,1994-03-23
Evelyn,Sanchez,1975-11-29
Evelyn,Clark,2004-09-19
Evelyn,Ramirez,1990-06-16
Evelyn,Lewis,2005-10-18
Evelyn,Robinson,1980-04-19
Evelyn,Walker,1986-12-05
Evelyn,Young,1988-07-10
Evelyn,Allen,1978-05-08
Evelyn,King,1975-09-12
Evelyn,Salgado,1999-12-12
Evelyn,Gomez,1987-03-12
Evelyn,Flores,1983-05-08
Evelyn,Vargas,1973-02-25
Evelyn,Munoz,1986-10-27
Evelyn,Molina,1978-12-05
Daniel,Smith,1991-05-09
Daniel,Johnson,2003-11-26
Daniel,Williams,1977-05-14
Daniel,Brown,1994-04-18
Daniel,Jones,1985-06-22
Daniel,Garcia,1996-02-17
Daniel,Miller,1981-05-29
Daniel,Davis,2005-07-12
Daniel,Rodriguez,1989-04-20
Daniel,Martinez,1997-05-19
Daniel,Hernandez,1984-05-16
Daniel,Lopez,2004-10-17
Daniel,Gonzalez,1975-03-29
Daniel,Wilson,1988-12-06
Daniel,Anderson,1973-12-07
Daniel,Thomas,1981-10-29
Daniel,Taylor,2000-01-31
Daniel,Moore,1999-09-01
Daniel,Jackson,1976-12-01
Daniel,Martin,1996-10-01
Daniel,Lee,1988-01-22
Daniel,Perez,1999-07-15
Daniel,Thompson,1975-01-23
Daniel,White,1986-08-21
Daniel,Harris,1990-05-11
Daniel,Sanchez,1976-05-20
Daniel,Clark,1994-02-15
Daniel,Ramirez,1996-09-28
Daniel,Lewis,2004-02-07
Daniel,Robinson,1976-03-25
Daniel,Walker,1984-09-26
Daniel,Young,1999-04-03
Daniel,Allen,1982-09-27
Daniel,King,1979-11-06
Daniel,Salgado,1977-04-03
Daniel,Gomez,1985-12-28
Daniel,Flores,1975-12-17
Daniel,Vargas,1996-08-13
Daniel,Munoz,1994-09-20
Daniel,Molina,1991-06-12
Abigail,Smith,1984-02-22
Abigail,Johnson,1995-08-04
Abigail,Williams,1982-03-07
Abigail,Brown,1994-04-14
Abigail,Jones,1978-04-01
Abigail,Garcia,2000-07-18
Abigail,Miller,1974-10-26
Abigail,Davis,2002-05-14
Abigail,Rodriguez,2002-08-27
Abigail,Martinez,1993-09-22
Abigail,Hernandez,1977-08-18
Abigail,Lopez,2004-09-29
Abigail,Gonzalez,1986-09-18
Abigail,Wilson,1976-12-02
Abigail,Anderson,1974-02-17
Abigail,Thomas,1991-07-29
Abigail,Taylor,1979-08-28
Abigail,Moore,1989-03-11
Abigail,Jackson,2001-09-14
Abigail,Martin,1977-12-02
Abigail,Lee,1976-02-16
Abigail,Perez,1997-10-23
Abigail,Thompson,2000-04-04
Abigail,White,2003-02-13
Abigail,Harris,1973-08-29
Abigail,Sanchez,1998-09-19
Abigail,Clark,1979-08-14
Abigail,Ramirez,1984-02-11
Abigail,Lewis,1993-07-18
Abigail,Robinson,1988-10-08
Abigail,Walker,1973-11-16
Abigail,Young,1995-04-12
Abigail,Allen,1983-02-12
Abigail,King,1974-05-09
Abigail,Salgado,1983-04-06
Abigail,Gomez,1981-09-04
Abigail,Flores,1970-11-22
Abigail,Vargas,1974-07-19
Abigail,Munoz,1972-09-15
Abigail,Molina,1991-08-12
Matthew,Smith,1987-03-11
Matthew,Johnson,2004-04-01
Matthew,Williams,1970-08-24
Matthew,Brown,1976-03-25
Matthew,Jones,1989-05-12
Matthew,Garcia,2002-07-26
Matthew,Miller,1981-02-02
Matthew,Davis,1981-01-16
Matthew,Rodriguez,1978-09-18
Matthew,Martinez,1984-10-19
Matthew,Hernandez,1985-07-26
Matthew,Lopez,1972-06-04
Matthew,Gonzalez,1982-02-03
Matthew,Wilson,1981-03-16
Matthew,Anderson,2004-03-19
Matthew,Thomas,1977-07-19
Matthew,Taylor,1977-03-24
Matthew,Moore,1984-05-27
Matthew,Jackson,1985-07-25
Matthew,Martin,1989-02-02
Matthew,Lee,2000-10-14
Matthew,Perez,1991-01-28
Matthew,Thompson,1992-02-04
Matthew,White,1987-10-12
Matthew,Harris,1976-05-12
Matthew,Sanchez,1996-12-29
Matthew,Clark,1977-07-03
Matthew,Ramirez,2003-11-27
Matthew,Lewis,1976-05-30
Matthew,Robinson,1988-09-27
Matthew,Walker,2001-02-21
Matthew,Young,1980-01-29
Matthew,Allen,2004-12-27
Matthew,King,1991-06-13
Matthew,Salgado,1995-03-09
Matthew,Gomez,2000-04-30
Matthew,Flores,1978-03-26
Matthew,Vargas,1977-12-08
Matthew,Munoz,1985-01-03
Matthew,Molina,1996-11-08
Harper,Smith,1979-01-31
Harper,Johnson,2002-09-15
Harper,Williams,2000-10-21
Harper,Brown,1983-04-02
Harper,Jones,1987-04-30
Harper,Garcia,2002-12-16
Harper,Miller,2004-01-10
Harper,Davis,1985-05-21
Harper,Rodriguez,1980-06-09
Harper,Martinez,1999-04-13
Harper,Hernandez,1978-06-27
Harper,Lopez,1991-11-19
Harper,Gonzalez,1991-12-08
Harper,Wilson,1983-01-09
Harper,Anderson,1973-08-04
Harper,Thomas,1981-10-22
Harper,Taylor,1977-09-23
Harper,Moore,1979-01-29
Harper,Jackson,2005-02-19
Harper,Martin,1997-09-13
Harper,Lee,1992-09-24
Harper,Perez,1986-08-22
Harper,Thompson,1997-03-27
Harper,White,1971-02-27
Harper,Harris,1992-11-03
Harper,Sanchez,1978-09-10
Harper,Clark,1997-02-06
Harper,Ramirez,2002-08-24
Harper,Lewis,1984-03-29
Harper,Robinson,1990-05-22
Harper,Walker,1992-03-02
Harper,Young,2005-03-20
Harper,Allen,1990-12-20
Harper,King,1976-02-08
Harper,Salgado,1989-09-29
Harper,Gomez,1986-10-24
Harper,Flores,1980-06-01
Harper,Vargas,1973-04-18
Harper,Munoz,1990-04-02
Harper,Molina,1981-05-16
Anthony,Smith,1989-12-21
Anthony,Johnson,1971-05-10
Anthony,Williams,1981-04-04
Anthony,Brown,1986-01-04
Anthony,Jones,1992-03-18
Anthony,Garcia,1992-06-29
Anthony,Miller,1997-07-28
Anthony,Davis,1989-09-04
Anthony,Rodriguez,1978-02-18
Anthony,Martinez,2005-11-25
Anthony,Hernandez,1991-01-23
Anthony,Lopez,1982-03-10
Anthony,Gonzalez,1978-08-18
Anthony,Wilson,2000-05-16
Anthony,Anderson,1982-01-02
Anthony,Thomas,1995-12-27
Anthony,Taylor,1984-09-06
Anthony,Moore,1975-01-27
Anthony,Jackson,1989-02-10
Anthony,Martin,1979-03-18
Anthony,Lee,1985-03-25
Anthony,Perez,1978-09-24
Anthony,Thompson,1992-03-17
Anthony,White,1990-09-06
Anthony,Harris,1983-11-28
Anthony,Sanchez,1988-12-21
Anthony,Clark,1986-09-12
Anthony,Ramirez,1970-07-21
Anthony,Lewis,1987-11-03
Anthony,Robinson,1996-12-28
Anthony,Walker,1971-11-30
Anthony,Young,2003-01-13
Anthony,Allen,1984-07-03
Anthony,King,2004-04-10
Anthony,Salgado,1976-09-15
Anthony,Gomez,1997-02-12
Anthony,Flores,1975-10-04
Anthony,Vargas,2005-03-18
Anthony,Munoz,1975-06-04
Anthony,Molina,1973-10-15
Avery,Smith,1970-05-13
Avery,Johnson,1987-11-24
Avery,Williams,1984-07-03
Avery,Brown,1976-05-11
Avery,Jones,1980-04-14
Avery,Garcia,2001-12-03
Avery,Miller,1977-03-17
Avery,Davis,1982-12-15
Avery,Rodriguez,1996-09-16
Avery,Martinez,1972-03-06
Avery,Hernandez,1993-03-20
Avery,Lopez,1975-01-16
Avery,Gonzalez,1990-05-09
Avery,Wilson,1996-02-28
Avery,Anderson,1981-09-04
Avery,Thomas,1980-08-17
Avery,Taylor,1984-10-24
Avery,Moore,1976-01-03
Avery,Jackson,2005-08-08
Avery,Martin,1999-04-18
Avery,Lee,1983-04-19
Avery,Perez,1980-04-06
Avery,Thompson,1997-09-27
Avery,White,1988-02-27
Avery,Harris,2005-04-12
Avery,Sanchez,2000-05-31
Avery,Clark,2000-05-16
Avery,Ramirez,1980-12-18
Avery,Lewis,1995-02-14
Avery,Robinson,1973-01-20
Avery,Walker,1988-07-26
Avery,Young,1979-12-23
Avery,Allen,1978-08-10
Avery,King,1992-11-26
Avery,Salgado,1993-08-13
Avery,Gomez,1981-12-25
Avery,Flores,1995-06-20
Avery,Vargas,2000-04-28
Avery,Munoz,1989-07-19
Avery,Molina,1984-04-20
Mark,Smith,1977-05-16
Mark,Johnson,1983-09-21
Mark,Williams,1970-03-04
Mark,Brown,1977-02-28
Mark,Jones,2000-03-17
Mark,Garcia,1986-11-19
Mark,Miller,1971-03-29
Mark,Davis,1996-01-16
Mark,Rodriguez,2000-03-09
Mark,Martinez,1971-07-16
Mark,Hernandez,1993-10-28
Mark,Lopez,1975-04-06
Mark,Gonzalez,1993-05-15
Mark,Wilson,1979-08-10
Mark,Anderson,2001-10-19
Mark,Thomas,1995-01-23
Mark,Taylor,1971-12-19
Mark,Moore,2005-07-23
Mark,Jackson,2004-10-22
Mark,Martin,2004-01-19
Mark,Lee,1998-06-05
Mark,Perez,1970-08-23
Mark,Thompson,2003-07-26
Mark,White,2001-04-20
Mark,Harris,1978-02-12
Mark,Sanchez,1976-07-05
Mark,Clark,1982-02-23
Mark,Ramirez,1977-08-28
Mark,Lewis,1985-05-16
Mark,Robinson,2000-10-13
Mark,Walker,1971-01-24
Mark,Young,1970-07-26
Mark,Allen,1976-09-24
Mark,King,1996-05-23
Mark,Salgado,1987-03-18
Mark,Gomez,1970-07-07
Mark,Flores,1992-10-31
Mark,Vargas,1992-12-30
Mark,Munoz,1977-04-19
Mark,Molina,2004-12-17
Ella,Smith,1998-08-23
Ella,Johnson,1975-08-22
Ella,Williams,2005-04-16
Ella,Brown,1988-03-24
Ella,Jones,1995-11-27
Ella,Garcia,1981-08-26
Ella,Miller,1971-09-21
Ella,Davis,1995-09-05
Ella,Rodriguez,1979-07-07
Ella,Martinez,1994-12-04
Ella,Hernandez,2004-10-23
Ella,Lopez,1985-09-15
Ella,Gonzalez,1988-05-22
Ella,Wilson,1995-03-21
Ella,Anderson,1988-09-14
Ella,Thomas,1985-10-01
Ella,Taylor,1987-07-09
Ella,Moore,1986-06-13
Ella,Jackson,1983-11-21
Ella,Martin,2004-04-25
Ella,Lee,1983-02-23
Ella,Perez,1970-04-30
Ella,Thompson,1993-01-30
Ella,White,1990-08-20
Ella,Harris,1986-02-26
Ella,Sanchez,1975-03-01
Ella,Clark,1992-11-09
Ella,Ramirez,1985-03-26
Ella,Lewis,1976-01-15
Ella,Robinson,1977-02-28
Ella,Walker,1977-11-11
Ella,Young,1983-11-07
Ella,Allen,1970-06-21
Ella,King,1977-04-16
Ella,Salgado,1995-04-22
Ella,Gomez,1989-03-10
Ella,Flores,1994-06-13
Ella,Vargas,1998-11-08
Ella,Munoz,1998-06-23
Ella,Molina,2000-06-12
Paul,Smith,1988-04-07
Paul,Johnson,1993-08-23
Paul,Williams,2000-06-24
Paul,Brown,1974-05-19
Paul,Jones,2005-07-29
Paul,Garcia,2004-06-08
Paul,Miller,1974-09-09
Paul,Davis,1972-11-17
Paul,Rodriguez,1971-01-03
Paul,Martinez,1995-04-12
Paul,Hernandez,1986-06-16
Paul,Lopez,2003-09-26
Paul,Gonzalez,2002-10-15
Paul,Wilson,1978-05-10
Paul,Anderson,2001-07-08
Paul,Thomas,1991-10-02
Paul,Taylor,1981-04-09
Paul,Moore,2005-08-31
Paul,Jackson,1986-12-09
Paul,Martin,1999-10-29
Paul,Lee,1981-10-23
Paul,Perez,1993-11-11
Paul,Thompson,1979-05-14
Paul,White,1971-09-10
Paul,Harris,1976-05-11
Paul,Sanchez,1998-01-07
Paul,Clark,2000-01-14
Paul,Ramirez,1999-04-27
Paul,Lewis,1999-12-31
Paul,Robinson,1984-11-12
Paul,Walker,1990-05-28
Paul,Young,1984-08-23
Paul,Allen,1979-03-29
Paul,King,1972-02-11
Paul,Salgado,1998-08-02
Paul,Gomez,1977-03-01
Paul,Flores,2001-12-23
Paul,Vargas,1970-09-17
Paul,Munoz,2002-01-03
Paul,Molina,1972-03-22
Scarlett,Smith,1981-05-14
Scarlett,Johnson,1985-09-26
Scarlett,Williams,2001-11-27
Scarlett,Brown,2005-12-13
Scarlett,Jones,2002-08-27
Scarlett,Garcia,1988-10-06
Scarlett,Miller,1976-08-09
Scarlett,Davis,1987-01-28
Scarlett,Rodriguez,1976-12-22
Scarlett,Martinez,1985-05-04
Scarlett,Hernandez,1991-04-01
Scarlett,Lopez,1971-01-06
Scarlett,Gonzalez,1984-06-03
Scarlett,Wilson,1989-09-04
Scarlett,Anderson,2000-12-21
Scarlett,Thomas,2001-04-07
Scarlett,Taylor,2001-05-27
Scarlett,Moore,1986-01-22
Scarlett,Jackson,1994-12-08
Scarlett,Martin,1981-04-24
Scarlett,Lee,1997-01-28
Scarlett,Perez,2000-12-12
Scarlett,Thompson,1996-02-19
Scarlett,White,1972-01-18
Scarlett,Harris,1984-10-02
Scarlett,Sanchez,1986-06-18
Scarlett,Clark,2001-10-05
Scarlett,Ramirez,1972-09-24
Scarlett,Lewis,1991-09-20
Scarlett,Robinson,2003-05-07
Scarlett,Walker,1984-04-01
Scarlett,Young,1975-01-01
Scarlett,Allen,1982-07-10
Scarlett,King,1986-03-20
Scarlett,Salgado,1986-02-25
Scarlett,Gomez,1988-03-20
Scarlett,Flores,1981-09-18
Scarlett,Vargas,1998-07-15
Scarlett,Munoz,2005-05-01
Scarlett,Molina,1993-07-01
Steven,Smith,1983-11-24
Steven,Johnson,1992-07-11
Steven,Williams,1984-11-22
Steven,Brown,1970-06-04
Steven,Jones,1971-03-01
Steven,Garcia,1989-04-04
Steven,Miller,2001-07-15
Steven,Davis,1992-06-23
Steven,Rodriguez,1989-12-08
Steven,Martinez,1985-05-23
Steven,Hernandez,1976-11-19
Steven,Lopez,1982-03-23
Steven,Gonzalez,1998-07-06
Steven,Wilson,2005-09-16
Steven,Anderson,1996-07-26
Steven,Thomas,1998-08-10
Steven,Taylor,1984-03-21
Steven,Moore,1998-02-19
Steven,Jackson,1986-04-21
Steven,Martin,1993-07-24
Steven,Lee,1995-07-23
Steven,Perez,1997-09-20
Steven,Thompson,2000-06-05
Steven,White,1977-12-06
Steven,Harris,2001-07-24
Steven,Sanchez,1998-01-24
Steven,Clark,1998-06-27
Steven,Ramirez,2005-08-01
Steven,Lewis,1974-12-13
Steven,Robinson,1979-10-21
Steven,Walker,2002-02-15
Steven,Young,1982-08-09
Steven,Allen,1998-01-20
Steven,King,1989-01-24
Steven,Salgado,1983-11-19
Steven,Gomez,1993-05-18
Steven,Flores,2002-07-20
Steven,Vargas,1970-07-08
Steven,Munoz,1975-12-04
Steven,Molina,1991-04-29
Grace,Smith,1988-02-14
Grace,Johnson,1994-10-06
Grace,Williams,1984-11-28
Grace,Brown,1976-08-27
Grace,Jones,2005-01-27
Grace,Garcia,1985-09-26
Grace,Miller,1986-06-19
Grace,Davis,2003-03-03
Grace,Rodriguez,1971-12-26
Grace,Martinez,1996-09-01
Grace,Hernandez,1986-05-12
Grace,Lopez,1982-06-09
Grace,Gonzalez,1999-02-08
Grace,Wilson,1976-06-19
Grace,Anderson,1999-09-26
Grace,Thomas,1984-04-23
Grace,Taylor,2003-11-11
Grace,Moore,1992-11-01
Grace,Jackson,1998-12-08
Grace,Martin,1983-03-30
Grace,Lee,1994-04-10
Grace,Perez,1986-07-24
Grace,Thompson,1978-02-10
Grace,White,2005-07-12
Grace,Harris,1971-03-10
Grace,Sanchez,1980-03-23
Grace,Clark,1998-11-15
Grace,Ramirez,1990-08-04
Grace,Lewis,1994-12-12
Grace,Robinson,1984-10-08
Grace,Walker,2003-03-12
Grace,Young,1983-02-09
Grace,Allen,1975-02-26
Grace,King,1973-09-02
Grace,Salgado,1985-04-03
Grace,Gomez,1992-08-18
Grace,Flores,1976-12-15
Grace,Vargas,1972-07-26
Grace,Munoz,1988-09-16
Grace,Molina,2000-11-12
Andrew,Smith,1983-03-14
Andrew,Johnson,1994-12-02
Andrew,Williams,1994-02-05
Andrew,Brown,1972-02-02
Andrew,Jones,1978-08-25
Andrew,Garcia,2002-12-15
Andrew,Miller,1981-12-21
Andrew,Davis,2002-06-02
Andrew,Rodriguez,1997-04-14
Andrew,Martinez,2004-08-01
Andrew,Hernandez,1972-06-11
Andrew,Lopez,1982-06-06
Andrew,Gonzalez,1998-12-02
Andrew,Wilson,1972-12-27
Andrew,Anderson,1973-12-24
Andrew,Thomas,1997-08-18
Andrew,Taylor,1981-01-21
Andrew,Moore,1984-10-13
Andrew,Jackson,1978-06-16
Andrew,Martin,1984-06-01
Andrew,Lee,1995-08-06
Andrew,Perez,2003-03-28
Andrew,Thompson,1977-01-08
Andrew,White,1974-03-20
Andrew,Harris,1999-11-15
Andrew,Sanchez,1991-01-02
Andrew,Clark,1995-05-16
Andrew,Ramirez,1985-03-07
Andrew,Lewis,1986-01-27
Andrew,Robinson,1991-03-01
Andrew,Walker,1988-09-14
Andrew,Young,1990-11-03
Andrew,Allen,1971-02-23
Andrew,King,1986-11-05
Andrew,Salgado,1981-11-22
Andrew,Gomez,1971-11-30
Andrew,Flores,2005-11-17
Andrew,Vargas,1997-03-27
Andrew,Munoz,1997-10-13
Andrew,Molina,1983-06-09
Chloe,Smith,1996-12-25
Chloe,Johnson,1996-03-15
Chloe,Williams,1971-10-31
Chloe,Brown,2000-08-12
Chloe,Jones,1976-02-05
Chloe,Garcia,1985-02-21
Chloe,Miller,1970-05-02
Chloe,Davis,1973-06-05
Chloe,Rodriguez,1996-03-21
Chloe,Martinez,2005-07-04
Chloe,Hernandez,1991-10-16
Chloe,Lopez,1982-06-11
Chloe,Gonzalez,1975-08-16
Chloe,Wilson,2004-07-16
Chloe,Anderson,1987-07-16
Chloe,Thomas,1998-08-08
Chloe,Taylor,1970-06-14
Chloe,Moore,1976-05-05
Chloe,Jackson,1978-09-06
Chloe,Martin,1985-08-21
Chloe,Lee,1998-07-22
Chloe,Perez,1975-05-03
Chloe,Thompson,1988-01-06
Chloe,White,1975-08-03
Chloe,Harris,1972-12-08
Chloe,Sanchez,1988-07-25
Chloe,Clark,1980-04-09
Chloe,Ramirez,1970-10-25
Chloe,Lewis,1972-02-24
Chloe,Robinson,1998-02-09
Chloe,Walker,1971-12-28
Chloe,Young,1972-08-04
Chloe,Allen,1977-12-12
Chloe,King,2000-04-15
Chloe,Salgado,1980-08-08
Chloe,Gomez,1995-05-01
Chloe,Flores,2002-06-25
Chloe,Vargas,1974-06-03
Chloe,Munoz,1991-10-05
Chloe,Molina,1994-11-03
Joshua,Smith,1994-11-30
Joshua,Johnson,1989-01-01
Joshua,Williams,1984-04-23
Joshua,Brown,1970-10-25
Joshua,Jones,2004-12-17
Joshua,Garcia,1990-08-08
Joshua,Miller,2000-11-25
Joshua,Davis,2004-02-27
Joshua,Rodriguez,2002-07-19
Joshua,Martinez,1976-03-07
Joshua,Hernandez,1995-01-22
Joshua,Lopez,1995-05-29
Joshua,Gonzalez,1995-12-29
Joshua,Wilson,1993-11-16
Joshua,Anderson,2000-08-11
Joshua,Thomas,1993-01-23
Joshua,Taylor,1984-02-25
Joshua,Moore,1971-01-02
Joshua,Jackson,2004-09-16
Joshua,Martin,1978-09-02
Joshua,Lee,1982-03-13
Joshua,Perez,1974-04-12
Joshua,Thompson,1993-12-11
Joshua,White,1990-01-12
Joshua,Harris,1999-08-06
Joshua,Sanchez,2000-05-17
Joshua,Clark,1992-08-28
Joshua,Ramirez,2003-07-28
Joshua,Lewis,1977-04-01
Joshua,Robinson,1996-03-10
Joshua,Walker,1972-04-11
Joshua,Young,1975-12-16
Joshua,Allen,1970-11-03
Joshua,King,1999-02-25
Joshua,Salgado,1998-06-03
Joshua,Gomez,1996-11-20
Joshua,Flores,1995-10-03
Joshua,Vargas,2002-01-15
Joshua,Munoz,1970-06-01
Joshua,Molina,1975-01-30
Victoria,Smith,1994-11-27
Victoria,Johnson,1985-05-03
Victoria,Williams,1975-12-28
Victoria,Brown,1988-05-14
Victoria,Jones,2004-11-23
Victoria,Garcia,1994-10-20
Victoria,Miller,1987-07-30
Victoria,Davis,1981-02-22
Victoria,Rodriguez,1979-12-25
Victoria,Martinez,1981-07-13
Victoria,Hernandez,1992-12-17
Victoria,Lopez,1974-06-23
Victoria,Gonzalez,1985-06-22
Victoria,Wilson,2004-08-08
Victoria,Anderson,1972-04-06
Victoria,Thomas,1980-12-23
Victoria,Taylor,1989-12-21
Victoria,Moore,1997-02-07
Victoria,Jackson,1979-09-16
Victoria,Martin,1980-02-09
Victoria,Lee,1972-07-16
Victoria,Perez,1993-07-26
Victoria,Thompson,1975-06-24
Victoria,White,2000-11-03
Victoria,Harris,1974-07-22
Victoria,Sanchez,1976-05-19
Victoria,Clark,1984-07-08
Victoria,Ramirez,1983-06-06
Victoria,Lewis,1984-07-14
Victoria,Robinson,1990-01-20
Victoria,Walker,1981-07-27
Victoria,Young,2001-06-20
Victoria,Allen,1989-03-18
Victoria,King,1976-01-17
Victoria,Salgado,1995-06-11
Victoria,Gomez,2003-03-23
Victoria,Flores,1999-09-21
Victoria,Vargas,1979-04-02
Victoria,Munoz,2000-12-30
Victoria,Molina,1995-05-08
Pablo,Smith,1986-10-11
Pablo,Johnson,1995-12-01
Pablo,Williams,1986-12-08
Pablo,Brown,2003-02-20
Pablo,Jones,2003-02-04
Pablo,Garcia,2002-09-28
Pablo,Miller,1985-08-17
Pablo,Davis,1995-06-20
Pablo,Rodriguez,1992-01-06
Pablo,Martinez,1988-02-11
Pablo,Hernandez,1991-01-13
Pablo,Lopez,1991-12-18
Pablo,Gonzalez,1993-07-05
Pablo,Wilson,1974-04-22
Pablo,Anderson,1976-04-07
Pablo,Thomas,1970-11-30
Pablo,Taylor,1975-05-05
Pablo,Moore,1983-10-16
Pablo,Jackson,1982-02-22
Pablo,Martin,1996-03-22
Pablo,Lee,1990-10-01
Pablo,Perez,1977-02-27
Pablo,Thompson,1976-04-14
Pablo,White,1990-04-30
Pablo,Harris,2003-09-18
Pablo,Sanchez,1975-02-03
Pablo,Clark,1994-04-05
Pablo,Ramirez,1988-11-27
Pablo,Lewis,1992-12-06
Pablo,Robinson,1994-12-28
Pablo,Walker,1979-09-21
Pablo,Young,2005-03-13
Pablo,Allen,2002-06-08
Pablo,King,1982-07-18
Pablo,Salgado,2001-05-13
Pablo,Gomez,1979-12-20
Pablo,Flores,1994-05-08
Pablo,Vargas,2004-10-08
Pablo,Munoz,1991-01-01
Pablo,Molina,1972-11-12
Lucas,Smith,1985-05-08
Lucas,Johnson,1978-04-02
Lucas,Williams,1997-11-13
Lucas,Brown,1992-02-28
Lucas,Jones,2001-09-13
Lucas,Garcia,2004-09-08
Lucas,Miller,1990-12-06
Lucas,Davis,1996-02-02
Lucas,Rodriguez,1971-01-22
Lucas,Martinez,1997-12-05
Lucas,Hernandez,1977-03-23
Lucas,Lopez,1983-11-24
Lucas,Gonzalez,1971-10-05
Lucas,Wilson,1978-02-14
Lucas,Anderson,1971-08-28
Lucas,Thomas,1996-08-23
Lucas,Taylor,1980-08-02
Lucas,Moore,1992-10-15
Lucas,Jackson,1985-01-06
Lucas,Martin,1994-02-11
Lucas,Lee,1998-01-14
Lucas,Perez,1994-05-14
Lucas,Thompson,1982-01-21
Lucas,White,1993-06-14
Lucas,Harris,1992-07-06
Lucas,Sanchez,2001-05-11
Lucas,Clark,2002-03-27
Lucas,Ramirez,1982-04-21
Lucas,Lewis,1970-11-15
Lucas,Robinson,1972-10-06
Lucas,Walker,1998-02-12
Lucas,Young,1984-02-03
Lucas,Allen,1998-11-24
Lucas,King,1996-12-23
Lucas,Salgado,2004-02-06
Lucas,Gomez,1980-08-01
Lucas,Flores,1995-10-06
Lucas,Vargas,2002-01-27
Lucas,Munoz,1992-06-12
Lucas,Molina,1980-12-31
Gabriel,Smith,1973-06-08
Gabriel,Johnson,1991-08-05
Gabriel,Williams,1971-08-24
Gabriel,Brown,1991-04-24
Gabriel,Jones,1987-06-04
Gabriel,Garcia,1980-09-17
Gabriel,Miller,1987-08-30
Gabriel,Davis,1970-08-26
Gabriel,Rodriguez,2003-07-04
Gabriel,Martinez,2001-06-23
Gabriel,Hernandez,2004-10-17
Gabriel,Lopez,1979-03-31
Gabriel,Gonzalez,1987-03-31
Gabriel,Wilson,1980-06-07
Gabriel,Anderson,1978-01-18
Gabriel,Thomas,1998-03-12
Gabriel,Taylor,1996-09-02
Gabriel,Moore,1977-03-05
Gabriel,Jackson,1992-12-24
Gabriel,Martin,1992-10-21
Gabriel,Lee,1998-09-19
Gabriel,Perez,1979-06-17
Gabriel,Thompson,1981-01-18
Gabriel,White,1971-05-13
Gabriel,Harris,1981-11-17
Gabriel,Sanchez,1989-06-02
Gabriel,Clark,1997-11-21
Gabriel,Ramirez,2005-06-29
Gabriel,Lewis,1979-09-08
Gabriel,Robinson,1990-07-06
Gabriel,Walker,1991-07-26
Gabriel,Young,2004-11-13
Gabriel,Allen,2002-05-18
Gabriel,King,1975-05-02
Gabriel,Salgado,1983-11-08
Gabriel,Gomez,1973-12-02
Gabriel,Flores,1994-11-22
Gabriel,Vargas,1980-08-17
Gabriel,Munoz,1986-11-20
Gabriel,Molina,1982-10-26
Sofia,Smith,1974-06-04
Sofia,Johnson,1978-07-28
Sofia,Williams,1981-08-23
Sofia,Brown,1974-11-12
Sofia,Jones,2002-04-25
Sofia,Garcia,1994-05-20
Sofia,Miller,1989-05-02
Sofia,Davis,1974-06-25
Sofia,Rodriguez,1982-01-14
Sofia,Martinez,2001-11-29
Sofia,Hernandez,1974-09-02
Sofia,Lopez,1987-09-26
Sofia,Gonzalez,1992-10-25
Sofia,Wilson,1995-01-05
Sofia,Anderson,1970-10-11
Sofia,Thomas,1999-11-03
Sofia,Taylor,1970-11-11
Sofia,Moore,1985-02-23
Sofia,Jackson,1977-09-02
Sofia,Martin,1971-01-21
Sofia,Lee,1976-10-19
Sofia,Perez,1998-02-19
Sofia,Thompson,1988-06-26
Sofia,White,1981-09-03
Sofia,Harris,1985-01-22
Sofia,Sanchez,1984-02-25
Sofia,Clark,2000-03-17
Sofia,Ramirez,2005-11-11
Sofia,Lewis,2004-06-14
Sofia,Robinson,1996-07-06
Sofia,Walker,1979-07-11
Sofia,Young,1984-08-21
Sofia,Allen,1987-08-24
Sofia,King,1976-04-05
Sofia,Salgado,1994-03-16
Sofia,Gomez,1995-06-21
Sofia,Flores,2003-01-19
Sofia,Vargas,1998-05-13
Sofia,Munoz,1996-04-26
Sofia,Molina,1974-03-12
Carlos,Smith,2000-05-14
Carlos,Johnson,1986-01-17
Carlos,Williams,1983-05-28
Carlos,Brown,1991-06-01
Carlos,Jones,1993-12-17
Carlos,Garcia,2005-01-16
Carlos,Miller,1975-08-29
Carlos,Davis,1970-08-06
Carlos,Rodriguez,1993-12-17
Carlos,Martinez,1998-07-31
Carlos,Hernandez,1982-12-25
Carlos,Lopez,1998-02-05
Carlos,Gonzalez,2001-11-30
Carlos,Wilson,1981-02-13
Carlos,Anderson,1970-09-27
Carlos,Thomas,1982-05-03
Carlos,Taylor,1975-08-20
Carlos,Moore,1971-05-26
Carlos,Jackson,1986-05-22
Carlos,Martin,1973-09-13
Carlos,Lee,1978-04-02
Carlos,Perez,1983-06-28
Carlos,Thompson,2004-06-19
Carlos,White,1989-06-04
Carlos,Harris,1985-11-27
Carlos,Sanchez,1988-02-01
Carlos,Clark,1972-08-03
Carlos,Ramirez,1978-10-09
Carlos,Lewis,2004-12-14
Carlos,Robinson,1978-03-09
Carlos,Walker,1986-02-09
Carlos,Young,1989-07-12
Carlos,Allen,1982-09-07
Carlos,King,1997-07-03
Carlos,Salgado,1976-03-14
Carlos,Gomez,1975-07-21
Carlos,Flores,1987-05-30
Carlos,Vargas,1977-10-16
Carlos,Munoz,1983-01-30
Carlos,Molina,1994-06-01
Valeria,Smith,1978-05-18
Valeria,Johnson,1975-12-14
Valeria,Williams,2002-03-20
Valeria,Brown,1994-04-05
Valeria,Jones,1988-07-14
Valeria,Garcia,1996-07-21
Valeria,Miller,2001-10-16
Valeria,Davis,1993-12-03
Valeria,Rodriguez,2000-07-22
Valeria,Martinez,1986-04-13
Valeria,Hernandez,1993-06-05
Valeria,Lopez,1972-03-17
Valeria,Gonzalez,1986-09-29
Valeria,Wilson,1970-08-21
Valeria,Anderson,1985-02-01
Valeria,Thomas,1978-05-08
Valeria,Taylor,2003-09-02
Valeria,Moore,1984-02-07
Valeria,Jackson,1977-09-16
Valeria,Martin,1995-12-31
Valeria,Lee,1976-08-15
Valeria,Perez,1993-08-06
Valeria,Thompson,2003-04-11
Valeria,White,1999-04-04
Valeria,Harris,2000-05-01
Valeria,Sanchez,1977-06-29
Valeria,Clark,1976-11-05
Valeria,Ramirez,1986-04-14
Valeria,Lewis,2003-01-14
Valeria,Robinson,1995-12-04
Valeria,Walker,2004-11-16
Valeria,Young,2003-02-15
Valeria,Allen,2000-03-28
Valeria,King,1993-09-29
Valeria,Salgado,1981-04-30
Valeria,Gomez,1992-11-01
Valeria,Flores,1985-05-17
Valeria,Vargas,2002-05-11
Valeria,Munoz,1991-08-08
Valeria,Molina,1982-12-06
